{"count":1,"gauges":{},"self":13.191961599999999,"total":17.1170869,"children":{"AgentResetIfDone":{"count":742,"self":0,"total":0,"children":null},"AgentSendState":{"count":742,"self":0.0319691,"total":0.041803099999999996,"children":{"CollectObservations":{"count":7411,"self":0.009833999999999999,"total":0.009833999999999999,"children":null}}},"DecideAction":{"count":742,"self":3.8271911999999997,"total":3.8643989999999997,"children":{"AgentInfo.ToProto":{"count":742,"self":0.0372076,"total":0.0372076,"children":null}}},"AcademyStep":{"count":742,"self":0.00095139999999999992,"total":0.00095139999999999992,"children":null},"AgentAct":{"count":742,"self":0.0159775,"total":0.0159775,"children":null}}}