{"count":1,"self":14.0189296,"total":17.5576821,"children":{"AgentResetIfDone":{"count":1016,"self":0.0009962,"total":0.0009962,"children":null},"AgentSendState":{"count":1016,"self":0.0068449999999999995,"total":0.017633,"children":{"CollectObservations":{"count":204,"self":0.010787999999999999,"total":0.010787999999999999,"children":null}}},"DecideAction":{"count":1016,"self":3.4993052,"total":3.4993051,"children":null},"AcademyStep":{"count":1016,"self":0.0029362999999999998,"total":0.0029362999999999998,"children":null},"AgentAct":{"count":1016,"self":0.0178817,"total":0.0178817,"children":null}}}