{"count":1,"self":0.7705422,"total":19.4070072,"children":{"AgentResetIfDone":{"count":667,"self":0.0029922,"total":0.0029922,"children":null},"AgentSendState":{"count":667,"self":0.0438589,"total":0.063836999999999991,"children":{"CollectObservations":{"count":6661,"self":0.0199781,"total":0.0199781,"children":null}}},"DecideAction":{"count":667,"self":18.5257424,"total":18.5537021,"children":{"AgentInfo.ToProto":{"count":667,"self":0.0279599,"total":0.0279599,"children":null}}},"AcademyStep":{"count":667,"self":0.0019952999999999998,"total":0.0019952999999999998,"children":null},"AgentAct":{"count":667,"self":0.012974399999999999,"total":0.012974399999999999,"children":null}}}