{"count":1,"self":2.0557128,"total":2.0597015,"children":{"AgentResetIfDone":{"count":42,"self":0,"total":0,"children":null},"AgentSendState":{"count":42,"self":0.0009981,"total":0.0019955,"children":{"CollectObservations":{"count":420,"self":0.00099739999999999985,"total":0.00099739999999999985,"children":null}}},"DecideAction":{"count":42,"self":0.00099739999999999985,"total":0.00099739999999999985,"children":null},"AcademyStep":{"count":42,"self":0,"total":0,"children":null},"AgentAct":{"count":42,"self":0,"total":0,"children":null}}}