{"count":1,"gauges":{},"self":12.0368408,"total":12.3180903,"children":{"AgentResetIfDone":{"count":588,"self":0.001995,"total":0.001995,"children":null},"AgentSendState":{"count":588,"self":0.0110113,"total":0.0180215,"children":{"CollectObservations":{"count":1416,"self":0.0070101999999999994,"total":0.0070101999999999994,"children":null}}},"DecideAction":{"count":588,"self":0.2243083,"total":0.2243083,"children":null},"AcademyStep":{"count":588,"self":0,"total":0,"children":null},"AgentAct":{"count":588,"self":0.035897899999999996,"total":0.035897899999999996,"children":null}}}