{"count":1,"gauges":{"SimpleRoller.CumulativeReward":{"count":1565,"max":1,"min":-1.48999977,"value":0.81,"weightedAverage":0.81575036}},"self":16.9348864,"total":99.1044235,"children":{"AgentSendState":{"count":36084,"self":0.5129005,"total":0.9797111,"children":{"CollectObservations":{"count":36100,"self":0.10072869999999999,"total":0.10072869999999999,"children":null},"CollectDiscreteActionMasks":{"count":36100,"self":0.028926499999999997,"total":0.028926499999999997,"children":null},"AgentInfo.ToProto":{"count":36100,"self":0.1526002,"total":0.3371554,"children":{"GenerateSensorData":{"count":36100,"self":0.1845552,"total":0.1845552,"children":null}}}}},"DecideAction":{"count":36084,"self":80.785875199999992,"total":80.7858772,"children":null},"AgentAct":{"count":36084,"self":0.38203309999999996,"total":0.40295139999999996,"children":{"AgentInfo.ToProto":{"count":1565,"self":0.0099737,"total":0.0209183,"children":{"GenerateSensorData":{"count":1565,"self":0.010944599999999999,"total":0.010944599999999999,"children":null}}}}}}}