{"count":1,"gauges":{"SimpleRoller.CumulativeReward":{"count":1741,"max":1,"min":-5.190001,"value":0.3800003,"weightedAverage":0.254800618}},"self":4.8220072,"total":246.88964349999998,"children":{"AgentSendState":{"count":12417,"self":1.0770013,"total":2.3436528,"children":{"CollectObservations":{"count":124170,"self":0.3101287,"total":0.3101287,"children":null},"AgentInfo.ToProto":{"count":124170,"self":0.448789,"total":0.9565228,"children":{"GenerateSensorData":{"count":124170,"self":0.5077338,"total":0.5077338,"children":null}}}}},"DecideAction":{"count":12417,"self":239.33695999999998,"total":239.3369506,"children":null},"AgentAct":{"count":12417,"self":0.3570771,"total":0.3860074,"children":{"AgentInfo.ToProto":{"count":1741,"self":0.0119721,"total":0.0289303,"children":{"GenerateSensorData":{"count":1741,"self":0.0169582,"total":0.0169582,"children":null}}}}}}}