{"count":1,"gauges":{"HardRoller.CumulativeReward":{"count":928,"max":1,"min":-5.6000104,"value":-0.34999907,"weightedAverage":-0.5262996}},"self":5.6856252,"total":729.0495809,"children":{"AgentSendState":{"count":9501,"self":1.1426589,"total":2.250247,"children":{"CollectObservations":{"count":95010,"self":0.17047969999999998,"total":0.17047969999999998,"children":null},"CollectDiscreteActionMasks":{"count":95010,"self":0.0977329,"total":0.0977329,"children":null},"AgentInfo.ToProto":{"count":95010,"self":0.3960684,"total":0.83937549999999994,"children":{"GenerateSensorData":{"count":95010,"self":0.44330709999999995,"total":0.44330709999999995,"children":null}}}}},"DecideAction":{"count":9501,"self":720.297472,"total":720.2974902,"children":null},"AgentAct":{"count":9501,"self":0.7972625,"total":0.8152201,"children":{"AgentInfo.ToProto":{"count":928,"self":0.005986,"total":0.0179576,"children":{"GenerateSensorData":{"count":928,"self":0.011971599999999999,"total":0.011971599999999999,"children":null}}}}}}}