{"count":1,"gauges":{"Pyramids.CumulativeReward":{"count":8,"max":1.89199936,"min":1.84699857,"value":1.84699857,"weightedAverage":1.868396}},"self":15.9073104,"total":17.8971035,"children":{"AgentSendState":{"count":862,"self":0.0248935,"total":0.032861999999999995,"children":{"CollectObservations":{"count":2768,"self":0.0079685,"total":0.0079685,"children":null}}},"DecideAction":{"count":862,"self":0.4540109,"total":1.9250854,"children":{"RayPerceptionSensor.Perceive":{"count":8304,"self":1.4710744999999998,"total":1.4710744999999998,"children":null}}},"AgentAct":{"count":862,"self":0.031845899999999996,"total":0.031845899999999996,"children":null}}}