{"count":1,"gauges":{"RayWalker.CumulativeReward":{"count":12,"max":0.993,"min":-0.9999907,"value":-0.9999907,"weightedAverage":-0.528742969}},"self":25.923436799999998,"total":26.160730599999997,"children":{"AgentSendState":{"count":1272,"self":0.027916399999999997,"total":0.18544059999999998,"children":{"CollectObservations":{"count":2295,"self":0.0319077,"total":0.0319077,"children":null},"CollectDiscreteActionMasks":{"count":2295,"self":0.0039846,"total":0.0039846,"children":null},"RayPerceptionSensor.Perceive":{"count":2295,"self":0.1216319,"total":0.1216319,"children":null}}},"DecideAction":{"count":1272,"self":0.0069822,"total":0.0069822,"children":null},"AgentAct":{"count":1272,"self":0.042876399999999995,"total":0.0438726,"children":{"RayPerceptionSensor.Perceive":{"count":12,"self":0.0009962,"total":0.0009962,"children":null}}}}}