{"count":1,"gauges":{"RayWalker.CumulativeReward":{"count":418,"max":0.98,"min":-0.55999887,"value":0.73,"weightedAverage":0.739187}},"self":208.7649792,"total":225.0057692,"children":{"AgentSendState":{"count":7451,"self":0.23801719999999998,"total":1.3781678,"children":{"CollectObservations":{"count":13419,"self":0.1898611,"total":0.1898611,"children":null},"AgentInfo.ToProto":{"count":13419,"self":0.062708199999999992,"total":0.9502895,"children":{"GenerateSensorData":{"count":13419,"self":0.175877,"total":0.88758129999999991,"children":{"RayPerceptionSensor.Perceive":{"count":13419,"self":0.7117043,"total":0.7117043,"children":null}}}}}}},"DecideAction":{"count":7451,"self":14.4815008,"total":14.4815008,"children":null},"AgentAct":{"count":7451,"self":0.327293,"total":0.3800945,"children":{"AgentInfo.ToProto":{"count":418,"self":0.0029908,"total":0.052801499999999994,"children":{"GenerateSensorData":{"count":418,"self":0.0139382,"total":0.0498107,"children":{"RayPerceptionSensor.Perceive":{"count":418,"self":0.0358725,"total":0.0358725,"children":null}}}}}}}}}