{"count":1,"gauges":{"RayWalker.CumulativeReward":{"count":5,"max":0.84,"min":-0.210000023,"value":-0.200000018,"weightedAverage":-0.0106250225}},"self":12.3448552,"total":15.3351162,"children":{"RayPerceptionSensor.Perceive":{"count":601,"self":0.026994999999999998,"total":0.026994999999999998,"children":null},"AgentSendState":{"count":601,"self":0.0049737,"total":0.0208845,"children":{"CollectObservations":{"count":121,"self":0.0039930999999999994,"total":0.0039930999999999994,"children":null},"AgentInfo.ToProto":{"count":121,"self":0.0019942,"total":0.0119177,"children":{"GenerateSensorData":{"count":121,"self":0.0039857,"total":0.0099235,"children":{"RayPerceptionSensor.Perceive":{"count":121,"self":0.0059378,"total":0.0059378,"children":null}}}}}}},"DecideAction":{"count":601,"self":2.9286094,"total":2.9286094,"children":null},"AgentAct":{"count":601,"self":0.011751699999999999,"total":0.012775199999999999,"children":{"AgentInfo.ToProto":{"count":5,"self":0,"total":0.0010234999999999999,"children":{"GenerateSensorData":{"count":5,"self":0,"total":0.0010234999999999999,"children":{"RayPerceptionSensor.Perceive":{"count":5,"self":0.0010234999999999999,"total":0.0010234999999999999,"children":null}}}}}}}}}