{"count":1,"gauges":{"RayPyramid.CumulativeReward":{"count":72,"max":0.996,"min":0.582001865,"value":0.883999944,"weightedAverage":0.856210351}},"self":150.8512,"total":166.9130877,"children":{"AgentSendState":{"count":4801,"self":0.2021065,"total":0.8534701,"children":{"CollectObservations":{"count":8649,"self":0.1085187,"total":0.1085187,"children":null},"AgentInfo.ToProto":{"count":8649,"self":0.0438302,"total":0.5428449,"children":{"GenerateSensorData":{"count":8649,"self":0.1514473,"total":0.4990147,"children":{"RayPerceptionSensor.Perceive":{"count":8649,"self":0.34756739999999997,"total":0.34756739999999997,"children":null}}}}}}},"DecideAction":{"count":4801,"self":14.984225599999998,"total":14.9842249,"children":null},"AgentAct":{"count":4801,"self":0.21522639999999998,"total":0.2212036,"children":{"AgentInfo.ToProto":{"count":72,"self":0,"total":0.0059771999999999994,"children":{"GenerateSensorData":{"count":72,"self":0.002987,"total":0.0059771999999999994,"children":{"RayPerceptionSensor.Perceive":{"count":72,"self":0.0029901999999999997,"total":0.0029901999999999997,"children":null}}}}}}}}}