{"count":1,"gauges":{},"self":8.4779536,"total":8.5029103,"children":{"AgentSendState":{"count":394,"self":0.0029934,"total":0.0159232,"children":{"CollectObservations":{"count":158,"self":0.0049540999999999995,"total":0.0049540999999999995,"children":null},"CollectDiscreteActionMasks":{"count":158,"self":0,"total":0,"children":null},"RayPerceptionSensor.Perceive":{"count":158,"self":0.0079757,"total":0.0079757,"children":null}}},"DecideAction":{"count":394,"self":0.0009973,"total":0.0009973,"children":null},"AgentAct":{"count":394,"self":0.0070390999999999995,"total":0.0070390999999999995,"children":null}}}