{"count":1,"gauges":{"RayPyramid.CumulativeReward":{"count":28,"max":0.9878,"min":0.881799161,"value":0.972000062,"weightedAverage":0.9483386}},"self":81.0091648,"total":91.1900285,"children":{"AgentSendState":{"count":4167,"self":0.041682199999999996,"total":0.6225156,"children":{"CollectObservations":{"count":1670,"self":0.46839759999999997,"total":0.46839759999999997,"children":null},"CollectDiscreteActionMasks":{"count":1670,"self":0.0019936,"total":0.0019936,"children":null},"AgentInfo.ToProto":{"count":1670,"self":0.011809199999999999,"total":0.11044219999999999,"children":{"GenerateSensorData":{"count":1670,"self":0.030887699999999997,"total":0.098633,"children":{"RayPerceptionSensor.Perceive":{"count":1670,"self":0.0677453,"total":0.0677453,"children":null}}}}}}},"DecideAction":{"count":4167,"self":9.506112,"total":9.5061115999999988,"children":null},"AgentAct":{"count":4167,"self":0.050241999999999995,"total":0.0522366,"children":{"AgentInfo.ToProto":{"count":28,"self":0,"total":0.0019946,"children":{"GenerateSensorData":{"count":28,"self":0,"total":0.0019946,"children":{"RayPerceptionSensor.Perceive":{"count":28,"self":0.0019946,"total":0.0019946,"children":null}}}}}}}}}