{"count":1,"gauges":{},"self":5.5880192,"total":5.6520825,"children":{"AgentSendState":{"count":258,"self":0.0038986,"total":0.0078596,"children":{"CollectObservations":{"count":208,"self":0.003961,"total":0.003961,"children":null}}},"DecideAction":{"count":258,"self":0.000998,"total":0.000998,"children":null},"AgentAct":{"count":258,"self":0.054208099999999995,"total":0.054208099999999995,"children":null}}}