{"count":1,"gauges":{"RayWalker.CumulativeReward":{"count":26,"max":0.966,"min":-1.00099075,"value":0.957,"weightedAverage":-0.452545881}},"self":3.5954952,"total":47.754165099999994,"children":{"AgentSendState":{"count":2501,"self":0.076868999999999993,"total":0.4961388,"children":{"CollectObservations":{"count":5010,"self":0.0667514,"total":0.0667514,"children":null},"CollectDiscreteActionMasks":{"count":5010,"self":0.012022399999999999,"total":0.012022399999999999,"children":null},"AgentInfo.ToProto":{"count":5010,"self":0.016947999999999998,"total":0.34049599999999997,"children":{"GenerateSensorData":{"count":5010,"self":0.0649851,"total":0.323548,"children":{"RayPerceptionSensor.Perceive":{"count":5010,"self":0.2585629,"total":0.2585629,"children":null}}}}}}},"DecideAction":{"count":2501,"self":43.596832,"total":43.5968328,"children":null},"AgentAct":{"count":2501,"self":0.060719699999999995,"total":0.064701,"children":{"AgentInfo.ToProto":{"count":26,"self":0,"total":0.0039813,"children":{"GenerateSensorData":{"count":26,"self":0,"total":0.0039813,"children":{"RayPerceptionSensor.Perceive":{"count":26,"self":0.0039813,"total":0.0039813,"children":null}}}}}}}}}