{"count":1,"gauges":{"RayWalker.CumulativeReward":{"count":28,"max":0.911,"min":-0.9999907,"value":0.130007625,"weightedAverage":0.113975257}},"self":50.690118399999996,"total":51.1566358,"children":{"AgentSendState":{"count":2528,"self":0.0676451,"total":0.36872699999999997,"children":{"CollectObservations":{"count":5060,"self":0.075708799999999993,"total":0.075708799999999993,"children":null},"CollectDiscreteActionMasks":{"count":5060,"self":0.0069799,"total":0.0069799,"children":null},"RayPerceptionSensor.Perceive":{"count":5060,"self":0.21839319999999998,"total":0.21839319999999998,"children":null}}},"DecideAction":{"count":2528,"self":0.014961499999999999,"total":0.014961499999999999,"children":null},"AgentAct":{"count":2528,"self":0.081833099999999992,"total":0.081833099999999992,"children":{"RayPerceptionSensor.Perceive":{"count":28,"self":0,"total":0,"children":null}}}}}