{"count":1,"gauges":{"RayWalker.CumulativeReward":{"count":2,"max":0.97,"min":0.5600002,"value":0.97,"weightedAverage":0.662500143}},"self":6.4559492,"total":6.4766382,"children":{"RayPerceptionSensor.Perceive":{"count":300,"self":0.0108978,"total":0.0108978,"children":null},"AgentSendState":{"count":300,"self":0.0019903,"total":0.0058997,"children":{"CollectObservations":{"count":60,"self":0.0039093999999999995,"total":0.0039093999999999995,"children":null}}},"DecideAction":{"count":300,"self":0.00099819999999999987,"total":0.00099819999999999987,"children":null},"AgentAct":{"count":300,"self":0.0028932999999999997,"total":0.0028932999999999997,"children":null}}}