{"count":1,"gauges":{"RayWalker.CumulativeReward":{"count":287,"max":0.96,"min":-0.599998832,"value":0.92,"weightedAverage":0.7774309}},"self":111.4175616,"total":123.1599648,"children":{"AgentSendState":{"count":4576,"self":0.1374059,"total":0.65298669999999992,"children":{"CollectObservations":{"count":8244,"self":0.0816886,"total":0.0816886,"children":null},"AgentInfo.ToProto":{"count":8244,"self":0.0378173,"total":0.4338922,"children":{"GenerateSensorData":{"count":8244,"self":0.1097305,"total":0.3960749,"children":{"RayPerceptionSensor.Perceive":{"count":8244,"self":0.2863444,"total":0.2863444,"children":null}}}}}}},"DecideAction":{"count":4576,"self":10.9156888,"total":10.915688999999999,"children":null},"AgentAct":{"count":4576,"self":0.1512479,"total":0.17272669999999998,"children":{"AgentInfo.ToProto":{"count":287,"self":0.0014996,"total":0.0214788,"children":{"GenerateSensorData":{"count":287,"self":0.0040409999999999995,"total":0.0199792,"children":{"RayPerceptionSensor.Perceive":{"count":287,"self":0.0159382,"total":0.0159382,"children":null}}}}}}}}}