{"count":1,"gauges":{"SimpleRoller.CumulativeReward":{"count":20,"max":1,"min":-5.00001955,"value":-5.00001955,"weightedAverage":-3.22339916}},"self":12.886464,"total":13.0348778,"children":{"AgentSendState":{"count":622,"self":0.0577658,"total":0.0936207,"children":{"CollectObservations":{"count":6220,"self":0.030867799999999997,"total":0.030867799999999997,"children":null},"CollectDiscreteActionMasks":{"count":6220,"self":0.0049870999999999995,"total":0.0049870999999999995,"children":null}}},"DecideAction":{"count":622,"self":0.00099739999999999985,"total":0.00099739999999999985,"children":null},"AgentAct":{"count":622,"self":0.0527987,"total":0.0527987,"children":null}}}